unique_id,Datum,Omschrijving,Debet,Credit,boekjaar,Boekstuknummer,Actuele status,Factuurdatum,Factuurbedrag,Factuurnr leverancier,Betalingskenmerk,Bankrekening,Opdracht/contract gegevens
jul-2022 - jun-2023_0,01-07-2022,GVS - correctie boekstuk 2020-2021 135,"160,81",,jul-2022 - jun-2023,16,Geboekt - Betaald,20-04-2021,"€160,81",211935,-,NL78RABO0344749940,-
jul-2022 - jun-2023_1,05-07-2022,GLASLIJN SUMATRPL22A Herstel Glasschade (155093-1),"314,44",,jul-2022 - jun-2023,1,Geboekt - Betaald,05-07-2022,"€314,44",50120320,0000010850120320,NL20RABO0334283132,Glasschade | Ruiten gebroken in de woonkamer.
jul-2022 - jun-2023_2,11-07-2022,GEEL SUMATRASTR221B Herstel balkondeur (156050-1),"120,70",,jul-2022 - jun-2023,20,Geboekt - Betaald,11-07-2022,"€120,70",202204921,0000109202204921,NL15INGB0655815198,Kozijnen / ramen / deuren | Balkondeur - Hout - Rubbers
jul-2022 - jun-2023_3,18-07-2022,RRS Herstel Rioolontstopping (158227-2),"322,28",,jul-2022 - jun-2023,2,Geboekt - Betaald,18-07-2022,"€322,28",2235975,-,NL93RABO0102353654,Rioolontstopping | Algemene ruimte - Hal - Lekkage
jul-2022 - jun-2023_4,20-07-2022,HRT MOLUKSTR473 Herstel Rioolontstopping(158227-4),"433,24",,jul-2022 - jun-2023,5,Geboekt - Betaald,20-07-2022,"€433,24",72202651,0000005672202651,NL50RABO0126213518,Rioolontstopping | Algemene ruimte - Hal - Lekkage
jul-2022 - jun-2023_5,25-07-2022,SIBERG MOLUKSTR467 Herstel schakelaar (157425-1),"54,00",,jul-2022 - jun-2023,7,Geboekt - Betaald,25-07-2022,"€54,00",8221797,0000000428221797,NL94INGB0004963467,Algemene verlichting | Verlichting-Algemeneruimte-Branden
jul-2022 - jun-2023_6,31-07-2022,RRS MOLUKSTR473Herstel Rioolontstopping (158227-3),"393,49",,jul-2022 - jun-2023,11,Geboekt - Betaald,31-07-2022,"€393,49",2238738,-,NL93RABO0102353654,Rioolontstopping | Algemene ruimte - Hal - Lekkage
jul-2022 - jun-2023_7,01-08-2022,SIBERG MOLUKSTR525 Herstel Intercom(156961-1),"155,01",,jul-2022 - jun-2023,10,Geboekt - Betaald,01-08-2022,"€155,01",8221846,0000000428221846,NL94INGB0004963467,Intercom / bellen (incl. elektrische deuropeners) | Intercom - bel - stuk
jul-2022 - jun-2023_8,03-08-2022,BOUWZORG Herstel ATD (158228-1),"132,39",,jul-2022 - jun-2023,12,Geboekt - Betaald,03-08-2022,"€132,39",7222322,0000001047222322,NL40INGB0650467817,Hang- en sluitwerk + drangers | ATD - Bergingen - Cilinder
jul-2022 - jun-2023_9,04-08-2022,BREMAN MOLUKSTR441 Herstel mech. ven. (134575-2),"520,00",,jul-2022 - jun-2023,14,Geboekt - Betaald,04-08-2022,"€520,00",VF03800421496,000034VF03800421,NL66RABO0323325572,Ventilatie (mechanisch / natuurlijk) | Mechanische ventilatie - werkt niet - nazien/ herstellen
jul-2022 - jun-2023_10,04-08-2022,BREMAN Dakvent + Kan.reinigen,"22,75",,jul-2022 - jun-2023,15,Geboekt - Betaald,04-08-2022,"€22,75",VF03800421495,000034VF03800421,NL66RABO0323325572,-
jul-2022 - jun-2023_11,04-08-2022,BREMAN Herstel Ventilatie (mechanisch145809-1),"38,96",,jul-2022 - jun-2023,13,Geboekt - Betaald,04-08-2022,"€38,96",VF03800421457,000034VF03800421,NL66RABO0323325572,Ventilatie (mechanisch / natuurlijk) | MV - Woning - Defect
jul-2022 - jun-2023_12,23-08-2022,DELTA Herstel Waterleiding (158227-1),"150,20",,jul-2022 - jun-2023,19,Geboekt - Betaald,23-08-2022,"€150,20",2202069,0000000552202069,NL17RABO0324668449,Waterleiding | Algemene ruimte - Hal - Lekkage
jul-2022 - jun-2023_13,29-08-2022,RRS SUMSTR32B Herstel Rioolinspectie (159233-1),"869,19",,jul-2022 - jun-2023,21,Geboekt - Betaald,29-08-2022,"€869,19",2242615,-,NL93RABO0102353654,Rioolinspectie | standleiding - inspectie - reinigen
jul-2022 - jun-2023_14,05-09-2022,SOS Herstel Calamiteiten (159721-1),"285,79",,jul-2022 - jun-2023,24,Geboekt - Betaald,05-09-2022,"€285,79",22005840,0000001222005840,NL42RABO0393531015,Calamiteiten | Lekkage - Afvoer - RGA
jul-2022 - jun-2023_15,07-09-2022,GEEL Herstel ATD(159466-1),"95,29",,jul-2022 - jun-2023,26,Geboekt - Betaald,07-09-2022,"€95,29",202205506,0000109202205506,NL15INGB0655815198,Hang- en sluitwerk + drangers | ATD - Slot - Defect
jul-2022 - jun-2023_16,07-09-2022,GEEL Herstel ATD (159542-1),"127,05",,jul-2022 - jun-2023,25,Geboekt - Betaald,07-09-2022,"€127,05",202205508,0000109202205508,NL15INGB0655815198,Hang- en sluitwerk + drangers | ATD - Cilinder - Defect
jul-2022 - jun-2023_17,09-09-2022,DELTA MOLUKSTR415 Onderzoek lekkage (158597-2),"86,27",,jul-2022 - jun-2023,29,Geboekt - Betaald,09-09-2022,"€86,27",2202189,0000000552202189,NL17RABO0324668449,Waterleiding | Lekkage berging Sinds gister forse lekkage in berging
jul-2022 - jun-2023_18,19-09-2022,RRS MOLUKSTR511 Herstel Rioolinspectie (159640-1),"125,44",,jul-2022 - jun-2023,32,Geboekt - Betaald,19-09-2022,"€125,44",2245312,-,NL93RABO0102353654,Rioolinspectie | Inspectie - Camera - Werkbon
jul-2022 - jun-2023_19,19-09-2022,RRS MOLUKSTR509 Herstel Rioolinspectie(155106-3),"124,07",,jul-2022 - jun-2023,33,Geboekt - Betaald,19-09-2022,"€124,07",2245311,-,NL93RABO0102353654,Rioolinspectie | Standleidingen - Reinigen
jul-2022 - jun-2023_20,22-09-2022,BOUWZORG Herstel slot berging (158926-1),"561,17",,jul-2022 - jun-2023,35,Geboekt - Betaald,22-09-2022,"€561,17",7222822,0000001047222822,NL40INGB0650467817,Hang- en sluitwerk + drangers | ATD - Bergingen - Slot
jul-2022 - jun-2023_21,22-09-2022,BOUWZORG TIDORESTR114 Herstel raam (159764-1),"227,05",,jul-2022 - jun-2023,36,Geboekt - Betaald,22-09-2022,"€227,05",7222823,0000001047222823,NL40INGB0650467817,Kozijnen / ramen / deuren | Raam - Hout - Slaapkamer
jul-2022 - jun-2023_22,23-09-2022,BOUW-Herstel Hang- en sluitwerk (160107-1),"132,29",,jul-2022 - jun-2023,37,Geboekt - Betaald,23-09-2022,"€132,29",7222847,0000001047222847,NL40INGB0650467817,Hang- en sluitwerk + drangers | ATD -dranger - afstellen
jul-2022 - jun-2023_23,27-09-2022,YMERE-Herstel Sleutelsymere(160249-1),"130,53",,jul-2022 - jun-2023,38,Geboekt - Betaald,27-09-2022,"€130,53",PF000010145,000048PF00001014,NL29INGB0004500201,Sleutelsymere | Slot - ATD
jul-2022 - jun-2023_24,30-09-2022,BOUW-Herstel Hemelwaterafvoer(159984-1),"414,33",,jul-2022 - jun-2023,40,Geboekt - Betaald,30-09-2022,"€414,33",7222965,0000001047222965,NL40INGB0650467817,Hemelwaterafvoer en goten | HWA - lekkage - bij dak
jul-2022 - jun-2023_25,14-10-2022,SIBER-Herstel Intercom / bellen (159985-1),"172,55",,jul-2022 - jun-2023,42,Geboekt - Betaald,14-10-2022,"€172,55",8222537,0000000428222537,NL94INGB0004963467,Intercom / bellen (incl. elektrische deuropeners) | Intercom - bel - stuk
jul-2022 - jun-2023_26,18-10-2022,Omboeking IF SOS 21005430 31-8-2021,,"123,40",jul-2022 - jun-2023,,,,,,,,
jul-2022 - jun-2023_27,19-10-2022,GLASLIJN SUMASTR221A Voorrijkosten(155093-1),"60,04",,jul-2022 - jun-2023,43,Geboekt - Betaald,19-10-2022,"€60,04",50121846,0000010850121846,NL20RABO0334283132,Glasschade | Ruiten gebroken in de woonkamer.
jul-2022 - jun-2023_28,20-10-2022,RRS Herstel Rioolinspectie (159721-2),"314,65",,jul-2022 - jun-2023,45,Geboekt - Betaald,20-10-2022,"€314,65",2250718,-,NL93RABO0102353654,Rioolinspectie | Lekkage - Afvoer - RGA
jul-2022 - jun-2023_29,03-11-2022,GEEL Herstel ATD(159466-2),"444,74",,jul-2022 - jun-2023,48,Geboekt - Betaald,03-11-2022,"€444,74",202206824,0000109202206824,NL15INGB0655815198,Kozijnen / ramen / deuren | ATD - Slot - Defect
jul-2022 - jun-2023_30,05-11-2022,DELTA Herstel Waterleiding (158597-1),"129,00",,jul-2022 - jun-2023,49,Geboekt - Betaald,05-11-2022,"€129,00",2202806,0000000552202806,NL17RABO0324668449,Waterleiding | Lekkage berging Sinds gister forse lekkage in berging
jul-2022 - jun-2023_31,05-11-2022,DELTA MOLUKSTR441 Herstel Waterleiding (159743-1),"163,56",,jul-2022 - jun-2023,50,Geboekt - Betaald,05-11-2022,"€163,56",2202807,0000000552202807,NL17RABO0324668449,Waterleiding | Lekkage - plafond - buren
jul-2022 - jun-2023_32,08-11-2022,SMIT Herstel Tuinonderhoud (162390-1),"877,25",,jul-2022 - jun-2023,51,Geboekt - Betaald,08-11-2022,"€877,25",V08221000,0000115V08221000,NL64ABNA0101866771,"Tuinonderhoud | Tuin, tekening"
jul-2022 - jun-2023_33,14-11-2022,SIBERG MOLUKSTR449 Herstel Intercom (161021-2),"135,64",,jul-2022 - jun-2023,55,Geboekt - Betaald,14-11-2022,"€135,64",8222781,0000000428222781,NL94INGB0004963467,Intercom / bellen (incl. elektrische deuropeners) | Intercom - Defect
jul-2022 - jun-2023_34,16-11-2022,DELTA MOLUKSTR479 Herstel Waterleiding (160980-1),"1.237,20",,jul-2022 - jun-2023,59,Geboekt - Betaald,16-11-2022,"€1.237,20",2202893,0000000552202893,NL17RABO0324668449,Waterleiding | Lekkage - Waterleiding - Plafond
jul-2022 - jun-2023_35,17-11-2022,GEEL MOLUKSTR465 Herstel WTD (161939-1),"152,85",,jul-2022 - jun-2023,60,Geboekt - Betaald,17-11-2022,"€152,85",202207174,0000109202207174,NL15INGB0655815198,Kozijnen / ramen / deuren | WTD - Hout - Gat
jul-2022 - jun-2023_36,17-11-2022,BREMAN MOLUKSTR525 Herstel Mech. ven (158924-1),"542,08",,jul-2022 - jun-2023,58,Geboekt - Betaald,17-11-2022,"€542,08",VF03100455067,000034VF03100455,NL66RABO0323325572,Ventilatie (mechanisch / natuurlijk) | Ventilatieschacht - Stank
jul-2022 - jun-2023_37,21-11-2022,GEEL Herstel ATD (161771-1),"63,53",,jul-2022 - jun-2023,61,Geboekt - Betaald,21-11-2022,"€63,53",202207317,0000109202207317,NL15INGB0655815198,Hang- en sluitwerk + drangers | ATD - dranger - afstellen
jul-2022 - jun-2023_38,24-11-2022,SIBERG Nazien verlichting (161739-1),"54,00",,jul-2022 - jun-2023,63,Geboekt - Betaald,24-11-2022,"€54,00",8222911,0000000428222911,NL94INGB0004963467,Algemene verlichting | Verlichting- trappenhuis -stuk
jul-2022 - jun-2023_39,25-11-2022,GELDEREN Herstel Kozijnen / ramen / deu (45720-3),"2.612,60",,jul-2022 - jun-2023,64,Geboekt - Betaald,25-11-2022,"€2.612,60",222790,0000000081222790,NL78RABO0344749940,Kozijnen / ramen / deuren | Offerte
jul-2022 - jun-2023_40,30-11-2022,Waleveld Sum 36D naamplaatje (160929-1),"34,49",,jul-2022 - jun-2023,65,Geboekt - Betaald,30-11-2022,"€34,49",22-22635,0000010222-22635,NL92RABO0307802000,Naamplaatjes | Graag naamplaatje leveren en plaatsen met de tekst: Alina LUCA
jul-2022 - jun-2023_41,02-12-2022,Smit 50% afronden werkzaamheden tuin (162390-1),"877,25",,jul-2022 - jun-2023,68,Geboekt - Betaald,02-12-2022,"€877,25",V08221087,0000115V08221087,NL64ABNA0101866771,"Tuinonderhoud | Tuin, tekening"
jul-2022 - jun-2023_42,05-12-2022,Bouwzorg Mol 475 boxdeur klemt (162310-1),"358,86",,jul-2022 - jun-2023,69,Geboekt - Betaald,05-12-2022,"€358,86",7223703,0000001047223703,NL40INGB0650467817,Kozijnen / ramen / deuren | deur - box- klemt
jul-2022 - jun-2023_43,12-12-2022,Bouwzorg herstel gaten gevel ivm muizen (163149-1),"182,80",,jul-2022 - jun-2023,71,Geboekt - Betaald,12-12-2022,"€182,80",7223844,0000001047223844,NL40INGB0650467817,Gevels | Gaten - Gevel - Balkon
jul-2022 - jun-2023_44,15-12-2022,"HRT Tidor 60 valpijp riool, tpl toilet(163482-1)","443,03",,jul-2022 - jun-2023,73,Geboekt - Betaald,15-12-2022,"€443,03",72204704,0000005672204704,NL50RABO0126213518,Rioolvervanging | Toilet - terugplaatsen - valpijp
jul-2022 - jun-2023_45,15-12-2022,SKK Mol 465 herstel bovenlicht(161940-1),"0,00",,jul-2022 - jun-2023,74,Geboekt - creditnota,15-12-2022,"€0,00",VF2022-42812,-,NL50RABO0326198903,Kozijnen overig (kunststof e.d.) | Raam - Aliminium - Sluiting
jul-2022 - jun-2023_46,19-12-2022,GeelRonitz ATD hersteld (159466-2),"815,59",,jul-2022 - jun-2023,75,Geboekt - Betaald,19-12-2022,"€815,59",202208414,0000109202208414,NL15INGB0655815198,Kozijnen / ramen / deuren | ATD - Slot - Defect
jul-2022 - jun-2023_47,29-12-2022,Siberg verv sensor lamp (163251-1),"189,17",,jul-2022 - jun-2023,77,Geboekt - Betaald,29-12-2022,"€189,17",8223198,0000000428223198,NL94INGB0004963467,Algemene verlichting | Verlichting - Defect
jul-2022 - jun-2023_48,09-01-2023,YS Sum 32C leveren cilinder tbv Accuraat(163481-2),"58,08",,jul-2022 - jun-2023,79,Geboekt - Betaald,09-01-2023,"€58,08",PF000010867,000048PF00001086,NL29INGB0004500201,Hang- en sluitwerk + drangers | ATD - slot - stuk
jul-2022 - jun-2023_49,11-01-2023,Delta Moluk515 watersl standleiding (156962-1),"481,08",,jul-2022 - jun-2023,81,Geboekt - Betaald,11-01-2023,"€481,08",2300013,0000000552300013,NL17RABO0324668449,Waterleiding | Waterslag
jul-2022 - jun-2023_50,17-01-2023,Accuraat Sum32C slot ATD hersteld (163481-1),"145,81",,jul-2022 - jun-2023,84,Geboekt - Betaald,17-01-2023,"€145,81",20230106,0000003820230106,NL44RABO0310959535,Hang- en sluitwerk + drangers | ATD - slot - stuk
jul-2022 - jun-2023_51,18-01-2023,GeelRonitz Mol501 deur berging hersteld (165583-1),"70,54",,jul-2022 - jun-2023,96,Geboekt - Betaald,18-01-2023,"€70,54",202300890,0000109202300890,NL15INGB0655815198,Kozijnen / ramen / deuren | Toegansdeur - Bergingen - Defect
jul-2022 - jun-2023_52,18-01-2023,SOS naz alg ruimte ivm lekkage (164339-1),"225,23",,jul-2022 - jun-2023,85,Geboekt - Betaald,18-01-2023,"€225,23",22009674,0000001222009674,NL42RABO0393531015,Waterleiding | Bon achteraf
jul-2022 - jun-2023_53,23-01-2023,GeelRonitz ATD plts sluitplaat (165743-1),"88,18",,jul-2022 - jun-2023,103,Geboekt - Betaald,23-01-2023,"€88,18",202301505,0000109202301505,NL15INGB0655815198,Kozijnen / ramen / deuren | ATD - Slot - Sluit Niet
jul-2022 - jun-2023_54,26-01-2023,Bouwzorg Mol431naz bergingsdeur (165290-1),"131,44",,jul-2022 - jun-2023,87,Geboekt - Betaald,26-01-2023,"€131,44",7230246,0000001047230246,NL40INGB0650467817,Hang- en sluitwerk + drangers | Bergingsdeur - Slot - Sluit Niet
jul-2022 - jun-2023_55,27-01-2023,Siberg Sum 30C draadbreuk beg gr herst (164609-1),"114,35",,jul-2022 - jun-2023,88,Geboekt - Betaald,27-01-2023,"€114,35",8230315,0000000428230315,NL94INGB0004963467,Intercom / bellen (incl. elektrische deuropeners) | Intercom - praatfunctie - stuk
jul-2022 - jun-2023_56,31-01-2023,RRS Sum 227C naz stank standleiding (164473-1),"602,19",,jul-2022 - jun-2023,92,Geboekt - Betaald,31-01-2023,"€602,19",2309385,-,NL93RABO0102353654,Rioolinspectie | Rioolstank badkamer
jul-2022 - jun-2023_57,31-01-2023,RRS Mol483 hoge waterdruk,"267,47",,jul-2022 - jun-2023,89,Geboekt - Betaald,31-01-2023,"€267,47",2308172,-,NL93RABO0102353654,-
jul-2022 - jun-2023_58,01-02-2023,GeelRonitz verzakking tegels ATD herst (161836-1),"688,79",,jul-2022 - jun-2023,102,Geboekt - Betaald,01-02-2023,"€688,79",202301480,0000109202301480,NL15INGB0655815198,Gevels | Verzakking - Tegels - ATD
jul-2022 - jun-2023_59,02-02-2023,Waleveld Sum 22B naamplaatje (165399-1),"35,70",,jul-2022 - jun-2023,90,Geboekt - Betaald,02-02-2023,"€35,70",23-30366,0000010223-30366,NL92RABO0307802000,Naamplaatjes | Naamplaatje leveren en plaatsen met de tekst: A.W.R. Tempelman
jul-2022 - jun-2023_60,06-02-2023,YS leveren cilinder ATD(165943-4),"62,92",,jul-2022 - jun-2023,116,Geboekt - Betaald,06-02-2023,"€62,92",PF000011144,000048PF00001114,NL29INGB0004500201,Sleutelsymere | slot - ATD - defect
jul-2022 - jun-2023_61,09-02-2023,YS hek Sumatr. nw cilinder (166076-2),"79,86",,jul-2022 - jun-2023,94,Geboekt - Betaald,09-02-2023,"€79,86",PF000011206,000048PF00001120,NL29INGB0004500201,Sleutelsymere | Slot - tuin - stuk
jul-2022 - jun-2023_62,09-02-2023,Bouwzorg Tid84 rep gevellekkage(156774-1),"6.465,26",,jul-2022 - jun-2023,95,Geboekt - Betaald,09-02-2023,"€6.465,26",7230452,0000001047230452,NL40INGB0650467817,Gevels | lekkage - keuken - buitengevel
jul-2022 - jun-2023_63,10-02-2023,Hacar Mol481 pijpdakventilator+voeding (162364-2),"1.071,07",,jul-2022 - jun-2023,150,Geboekt - Betaald,10-02-2023,"€1.071,07",23-00328/00031,00011823-00328/0,NL68ABNA0861961803,Ventilatie (mechanisch / natuurlijk) | MV - uitgevallen
jul-2022 - jun-2023_64,14-02-2023,Hacar naz beweginsmelder trappenhuis (165136-1),"235,26",,jul-2022 - jun-2023,112,Geboekt - Betaald,14-02-2023,"€235,26",3602677/00031,0001173602677/00,NL68ABNA0861961803,Algemene verlichting | Verlichting - Trappenhuis
jul-2022 - jun-2023_65,15-02-2023,Accuraat slot hek tuin hersteld (166076-1),"294,04",,jul-2022 - jun-2023,97,Geboekt - Betaald,15-02-2023,"€294,04",20230443,0000003820230443,NL44RABO0310959535,Hang- en sluitwerk + drangers | Slot - tuin - stuk
jul-2022 - jun-2023_66,15-02-2023,Hacar Mol451 naz kap luchtschacht (165378-2),"393,04",,jul-2022 - jun-2023,125,Geboekt - Betaald,15-02-2023,"€393,04",23-00157/00031,00011823-00157/0,NL68ABNA0861961803,Rookgasafvoer | Lekkage - Toilet - Luchtschacht
jul-2022 - jun-2023_67,22-02-2023,Delta Tid58 naz lekkage RGA (159721-3),"242,67",,jul-2022 - jun-2023,99,Geboekt - Betaald,22-02-2023,"€242,67",2300525,0000000552300525,NL17RABO0324668449,Waterleiding | Lekkage - Afvoer - RGA
jul-2022 - jun-2023_68,24-02-2023,Bouwzorg Sum ATD cilinder (165943-3),"393,41",,jul-2022 - jun-2023,100,Geboekt - Betaald,24-02-2023,"€393,41",7230691,0000001047230691,NL40INGB0650467817,Hang- en sluitwerk + drangers | slot - ATD - defect
jul-2022 - jun-2023_69,03-03-2023,GeelRonitz Sum231D herst balkondeur (167081-1),"141,09",,jul-2022 - jun-2023,107,Geboekt - Betaald,03-03-2023,"€141,09",202301549,0000109202301549,NL15INGB0655815198,Kozijnen / ramen / deuren | balkon-deur-klemt
jul-2022 - jun-2023_70,03-03-2023,GeelRonitz Sum 231D 2 ramen afkitten (167079-1),"155,67",,jul-2022 - jun-2023,106,Geboekt - Betaald,03-03-2023,"€155,67",202301548,0000109202301548,NL15INGB0655815198,Kozijnen / ramen / deuren | raam-lekkage-woonkamer
jul-2022 - jun-2023_71,04-03-2023,Accuraat ATD afstellen (167266-1),"62,92",,jul-2022 - jun-2023,104,Geboekt - Betaald,04-03-2023,"€62,92",20230611,0000003820230611,NL44RABO0310959535,Hang- en sluitwerk + drangers | Dranger - ATD - Afstellen
jul-2022 - jun-2023_72,04-03-2023,Accuraat TID ATD dranger verv bergingen (167266-2),"342,88",,jul-2022 - jun-2023,105,Geboekt - Betaald,04-03-2023,"€342,88",20230610,0000003820230610,NL44RABO0310959535,Hang- en sluitwerk + drangers | Dranger - ATD - Afstellen
jul-2022 - jun-2023_73,09-03-2023,VDLeij ATD berging herstellen (165058-1),"946,55",,jul-2022 - jun-2023,110,Geboekt - Betaald,09-03-2023,"€946,55",202300710,0000116202300710,NL54ABNA0243202741,Kozijnen / ramen / deuren | ATD - bergingen - sluit niet
jul-2022 - jun-2023_74,16-03-2023,GeelRonitz atd dranger (167648-1),"70,54",,jul-2022 - jun-2023,129,Geboekt - Betaald,16-03-2023,"€70,54",202302601,0000109202302601,NL15INGB0655815198,Hang- en sluitwerk + drangers | ATD - dranger
jul-2022 - jun-2023_75,21-03-2023,GeelRonitz naz ATD gebruikersgedrag (159466-2),"70,54",,jul-2022 - jun-2023,137,Geboekt - Betaald,21-03-2023,"€70,54",202302934,0000109202302934,NL15INGB0655815198,Kozijnen / ramen / deuren | ATD - Slot - Defect
jul-2022 - jun-2023_76,22-03-2023,Accuraat slot ATD (167878-1),"233,68",,jul-2022 - jun-2023,114,Geboekt - Betaald,22-03-2023,"€233,68",20230738,0000003820230738,NL44RABO0310959535,Hang- en sluitwerk + drangers | ATD - Slot - Dagschoot
jul-2022 - jun-2023_77,22-03-2023,vanderLeij haak ATD vervangen (167195-1),"330,90",,jul-2022 - jun-2023,115,Geboekt - Betaald,22-03-2023,"€330,90",202300841,0000116202300841,NL54ABNA0243202741,Gevels | ATD-haak
jul-2022 - jun-2023_78,23-03-2023,Bouwzorg Sum20B rep schuifventilatorroo (164774-1),"540,20",,jul-2022 - jun-2023,118,Geboekt - Betaald,23-03-2023,"€540,20",7231062,0000001047231062,NL40INGB0650467817,Kozijnen / ramen / deuren | Ventilatierooster - Keukenraam - Sluit niet
jul-2022 - jun-2023_79,28-03-2023,Accuraat Mol541 hek binnenterrein slot (167449-1),"220,97",,jul-2022 - jun-2023,119,Geboekt - Betaald,28-03-2023,"€220,97",20230807,0000003820230807,NL44RABO0310959535,Hang- en sluitwerk + drangers | Hek binnentuin - slot - stuk
jul-2022 - jun-2023_80,29-03-2023,Alpha Vent. onderzoekskosten Sumatra 30b,"121,00",,jul-2022 - jun-2023,128,Geboekt - Betaald,29-03-2023,"€121,00",23701935,0000011923701935,NL52INGB0007614166,-
jul-2022 - jun-2023_81,30-03-2023,Bouwzorg ATD cilinder/deurbesl hersteld (167351-1),"554,11",,jul-2022 - jun-2023,126,Geboekt - Betaald,30-03-2023,"€554,11",7231165,0000001047231165,NL40INGB0650467817,Hang- en sluitwerk + drangers | ATD-slot
jul-2022 - jun-2023_82,30-03-2023,Accuraat herst hek binnentuin (167449-2),"79,26",,jul-2022 - jun-2023,124,Geboekt - Betaald,30-03-2023,"€79,26",20230843,0000003820230843,NL44RABO0310959535,Hang- en sluitwerk + drangers | Hek binnentuin - slot - stuk
jul-2022 - jun-2023_83,06-04-2023,Bouwzorg Sym231B plts tochtprofiel (167859-1),"353,09",,jul-2022 - jun-2023,130,Geboekt - Betaald,06-04-2023,"€353,09",7231283,0000001047231283,NL40INGB0650467817,Kozijnen / ramen / deuren | Raam - tocht - slotwerk
jul-2022 - jun-2023_84,14-04-2023,RRS Sum229A herstel leiding/HWAbuis (168064-1),"515,11",,jul-2022 - jun-2023,136,Geboekt - Betaald,14-04-2023,"€515,11",2323443,-,NL93RABO0102353654,Rioolvervanging | Leiding - RRS - Werkbon
jul-2022 - jun-2023_85,14-04-2023,RRS Sum227A camerarioolinspectie (168610-1),"259,18",,jul-2022 - jun-2023,135,Geboekt - Betaald,14-04-2023,"€259,18",2323445,-,NL93RABO0102353654,Rioolinspectie | Camerainspectie
jul-2022 - jun-2023_86,19-04-2023,GeelRonitz Sum28c naz raam sluit niet (167910-1),"70,54",,jul-2022 - jun-2023,157,Geboekt - Betaald,19-04-2023,"€70,54",202303681,0000109202303681,NL15INGB0655815198,Kozijnen / ramen / deuren | raam-kozijn-sluit niet
jul-2022 - jun-2023_87,21-04-2023,YS Sum26B levering cilinder (168831-2),"62,92",,jul-2022 - jun-2023,139,Geboekt - Betaald,21-04-2023,"€62,92",PF000011792,000048PF00001179,NL29INGB0004500201,Sleutelsymere | Spoed - Berging - Slot
jul-2022 - jun-2023_88,28-04-2023,YS Mol 431 leveren cilinder(168940-2),"125,84",,jul-2022 - jun-2023,140,Geboekt - Betaald,28-04-2023,"€125,84",PF000011840,000048PF00001184,NL29INGB0004500201,Sleutelsymere | ATD - Slot - Defect
jul-2022 - jun-2023_89,30-04-2023,RRS Mol511 camerarioolinspectie (159640-2),"129,59",,jul-2022 - jun-2023,143,Geboekt - Betaald,30-04-2023,"€129,59",2326298,-,NL93RABO0102353654,Rioolinspectie | Inspectie - Camera - Werkbon
jul-2022 - jun-2023_90,02-05-2023,"GeelRonitz herstel gevel, metselwerk (160657-3)","3.615,48",,jul-2022 - jun-2023,142,Geboekt - Betaald,02-05-2023,"€3.615,48",202303432,0000109202303432,NL15INGB0655815198,Gevels | Balkon - muur - barsten
jul-2022 - jun-2023_91,03-05-2023,Hacar Tid 90 naz verlichting ATD (169144-1),"143,52",,jul-2022 - jun-2023,146,Geboekt - Betaald,03-05-2023,"€143,52",3604405/00031,0001173604405/00,NL68ABNA0861961803,Algemene verlichting | algemene verlichting-hal
jul-2022 - jun-2023_92,05-05-2023,Siberg verv armatuur+2 lampenen (165009-2),"274,85",,jul-2022 - jun-2023,147,Geboekt - Betaald,05-05-2023,"€274,85",8231003,0000000428231003,NL94INGB0004963467,Algemene verlichting | Verlichting - trappenhuis - werkt niet
jul-2022 - jun-2023_93,06-05-2023,Bouwzorg Sum28C herstel raam (167910-3),"261,26",,jul-2022 - jun-2023,149,Geboekt - Betaald,06-05-2023,"€261,26",7231644,0000001047231644,NL40INGB0650467817,Kozijnen / ramen / deuren | raam-kozijn-sluit niet
jul-2022 - jun-2023_94,08-05-2023,VDLeij Tid90 afstellen deurdranger ATD (167592-1),"148,30",,jul-2022 - jun-2023,154,Geboekt - Betaald,08-05-2023,"€148,30",202301313,0000116202301313,NL54ABNA0243202741,Hang- en sluitwerk + drangers | ATD - Slot - Defect
jul-2022 - jun-2023_95,12-05-2023,Bouwzorg Mol519 slot hersteld (169050-1),"139,15",,jul-2022 - jun-2023,155,Geboekt - Betaald,12-05-2023,"€139,15",7231807,0000001047231807,NL40INGB0650467817,Hang- en sluitwerk + drangers | deur - berging - slot
jul-2022 - jun-2023_96,22-05-2023,Hacar;Herstel sponningopener (15-05-23 (169830-1),"187,05",,jul-2022 - jun-2023,158,Geboekt - Betaald,22-05-2023,"€187,05",3604956/00031,0001173604956/00,NL68ABNA0861961803,Intercom / bellen (incl. elektrische deuropeners) | INtercom - deuropener - stuk
jul-2022 - jun-2023_97,23-05-2023,GeelRonitz Mol541 hek binnentuin herstel(168442-1),"105,81",,jul-2022 - jun-2023,172,Geboekt - Betaald,23-05-2023,"€105,81",202304280,0000109202304280,NL15INGB0655815198,Hang- en sluitwerk + drangers | Hek binnentuin - scharnier - stuk
jul-2022 - jun-2023_98,23-05-2023,Bouwz;Herstel ATD 24-04-23 (169099-1),"486,93",,jul-2022 - jun-2023,159,Geboekt - Betaald,23-05-2023,"€486,93",7231928,0000001047231928,NL40INGB0650467817,Hang- en sluitwerk + drangers | ATD bergingen-slot
jul-2022 - jun-2023_99,24-05-2023,RRS Herstel Rioolinspectie 17-04-23 (159640-3),"620,34",,jul-2022 - jun-2023,160,Geboekt - Betaald,24-05-2023,"€620,34",2330744,-,NL93RABO0102353654,Rioolinspectie | Inspectie - Camera - Werkbon
jul-2022 - jun-2023_100,29-05-2023,Accuraat Sum223B ATD cilinder (169784-1),"165,17",,jul-2022 - jun-2023,162,Geboekt - Betaald,29-05-2023,"€165,17",20231386,0000003820231386,NL44RABO0310959535,Hang- en sluitwerk + drangers | atd-opent niet
jul-2022 - jun-2023_101,30-05-2023,Bouwzorg Sum26B ATD berging slot(168831-1),"240,34",,jul-2022 - jun-2023,161,Geboekt - Betaald,30-05-2023,"€240,34",7232009,0000001047232009,NL40INGB0650467817,Hang- en sluitwerk + drangers | Spoed - Berging - Slot
jul-2022 - jun-2023_102,30-05-2023,Bouwzorg Mol431 slot ATD (168940-1),"307,80",,jul-2022 - jun-2023,163,Geboekt - Betaald,30-05-2023,"€307,80",7232026,0000001047232026,NL40INGB0650467817,Hang- en sluitwerk + drangers | ATD - Slot - Defect
jul-2022 - jun-2023_103,31-05-2023,RRS Sum227A camerarioolinspectie (168610-2),"1.036,73",,jul-2022 - jun-2023,165,Geboekt - Betaald,31-05-2023,"€1.036,73",2332515,-,NL93RABO0102353654,Rioolinspectie | Camerainspectie
jul-2022 - jun-2023_104,31-05-2023,RRS Sum227A naz riool(168610-2),"749,23",,jul-2022 - jun-2023,170,Geboekt - Betaald,31-05-2023,"€749,23",2333441,-,NL93RABO0102353654,Rioolinspectie | Camerainspectie
jul-2022 - jun-2023_105,06-06-2023,YS Sum223B leveren cilinder(169784-2),"79,86",,jul-2022 - jun-2023,166,Geboekt - Betaald,06-06-2023,"€79,86",PF000012163,000048PF00001216,NL29INGB0004500201,Sleutelsymere | atd-opent niet
jul-2022 - jun-2023_106,07-06-2023,Accuraat ATD nazien slot (170319-1),"217,73",,jul-2022 - jun-2023,167,Geboekt - Betaald,07-06-2023,"€217,73",20231474,0000003820231474,NL44RABO0310959535,Hang- en sluitwerk + drangers | ATD-berging-sluit niet
jul-2022 - jun-2023_107,07-06-2023,Accuraat naz ATD automaat (170317-1),"238,90",,jul-2022 - jun-2023,168,Geboekt - Betaald,07-06-2023,"€238,90",20231473,0000003820231473,NL44RABO0310959535,Hang- en sluitwerk + drangers | ATD-slot-sluit niet
jul-2022 - jun-2023_108,09-06-2023,Bouwzorg Mol465 naz deur(170085-1),"139,15",,jul-2022 - jun-2023,171,Geboekt - Betaald,09-06-2023,"€139,15",7232254,0000001047232254,NL40INGB0650467817,Kozijnen / ramen / deuren | slaapkamer - deur - klemt
jul-2022 - jun-2023_109,15-06-2023,Bouwzorg Mol435 naz ATD(170143-1),"139,15",,jul-2022 - jun-2023,175,Geboekt - Betaald,15-06-2023,"€139,15",7232325,0000001047232325,NL40INGB0650467817,Kozijnen / ramen / deuren | atd-kozijn-beschadigd
jul-2022 - jun-2023_110,27-06-2023,Accuraat Tid 60 herstel tuindeur(170921-2),"392,37",,jul-2022 - jun-2023,178,Geboekt - Betaald,27-06-2023,"€392,37",20231642,0000003820231642,NL44RABO0310959535,Hang- en sluitwerk + drangers | Tuindeur - Slot - Hout
jul-2022 - jun-2023_111,29-06-2023,Bouwzorg Tid 82 nw slot bakondeur(170365-1),"257,00",,jul-2022 - jun-2023,181,Geboekt - Betaald,29-06-2023,"€257,00",7232570,0000001047232570,NL40INGB0650467817,Galerijen en balkons | Houten - balkondeur - sluit/opent niet
jul-2022 - jun-2023_112,30-06-2023,Overboeken van 1023 naar 4101 ivm minder uitgekeer,"2.324,15",,jul-2022 - jun-2023,,,,,,,,
jul-2022 - jun-2023_113,30-06-2023,ovb 1023 aan 4101 ivm minder uitgekeerd 2021-2022,"615,43",,jul-2022 - jun-2023,,,,,,,,
jul-2023 - jun-2024_0,10-07-2023,RRS Mol413 standleiding verstopt (170951-3),"421,44",,jul-2023 - jun-2024,4,Geboekt - Betaald,10-07-2023,"€421,44",2339605,-,NL93RABO0102353654,Rioolontstopping | Standleiding verstopt ter hoogte van Molukkenstraat 413
jul-2023 - jun-2024_1,11-07-2023,Bouwzorg Sum231B naz ramen afkitt/dorpe (170795-1),"366,52",,jul-2023 - jun-2024,5,Geboekt - Betaald,11-07-2023,"€366,52",7232771,0000001047232771,NL40INGB0650467817,Kozijnen / ramen / deuren | Spoed - Woonkamerraam - Hout
jul-2023 - jun-2024_2,12-07-2023,GeelRonitz Sum238 naz 2 kozi+roosters(167080-1),"582,14",,jul-2023 - jun-2024,6,Geboekt - Betaald,12-07-2023,"€582,14",202305060,0000109202305060,NL15INGB0655815198,Kozijnen / ramen / deuren | 2x rosters-raam-gaat niet open
jul-2023 - jun-2024_3,12-07-2023,GeelRonitz Mol415 naz RGA(170864-1),"550,99",,jul-2023 - jun-2024,7,Geboekt - Betaald,12-07-2023,"€550,99",202305069,0000109202305069,NL15INGB0655815198,Waterleiding | lekkage-berging
jul-2023 - jun-2024_4,14-07-2023,Bouwzorg Sum28B 5 schuifvent rev/rep(170255-1),"1.651,65",,jul-2023 - jun-2024,9,Geboekt - Betaald,14-07-2023,"€1.651,65",7232855,0000001047232855,NL40INGB0650467817,Kozijnen / ramen / deuren | ventilatierooster - defect
jul-2023 - jun-2024_5,17-07-2023,Waleveld Sum221B naz los beton in gang (170071-1),"657,23",,jul-2023 - jun-2024,11,Geboekt - Betaald,17-07-2023,"€657,23",23-31730,0000003123-31730,NL92RABO0307802000,Vloer | berging - beton - vloer
jul-2023 - jun-2024_6,19-07-2023,Bouwzorg Tid60 3puntsl tuindeur herstel (170921-1),"206,61",,jul-2023 - jun-2024,14,Geboekt - Betaald,19-07-2023,"€206,61",7232930,0000001047232930,NL40INGB0650467817,Hang- en sluitwerk + drangers | Tuindeur - Slot - Hout
jul-2023 - jun-2024_7,19-07-2023,KBK Mol451 herstel raam (153304-2),"2.325,11",,jul-2023 - jun-2024,12,Geboekt - Betaald,19-07-2023,"€2.623,69",202314250,0000077202314250,NL90INGB0680693572,Kozijnen / ramen / deuren | Raam - Hout - Zit los
jul-2023 - jun-2024_8,25-07-2023,Hacar Sum34c naz venitlatie (167784-1),"143,75",,jul-2023 - jun-2024,18,Geboekt - Betaald,25-07-2023,"€143,75",23-00593/00031,00011823-00593/0,NL68ABNA0861961803,Ventilatie (mechanisch / natuurlijk) | Ventilatie - Afzuigprobleem
jul-2023 - jun-2024_9,27-07-2023,Waleveld Sum221E bord fietsenstalling (171372-1),"273,47",,jul-2023 - jun-2024,15,Geboekt - Betaald,27-07-2023,"€273,47",23-31811,0000010223-31811,NL92RABO0307802000,Naamplaatjes | Bord - Fietsenstalling - Beschadigd
jul-2023 - jun-2024_10,28-07-2023,CasSombroek Sum24A naz intercom (171924-1),"129,77",,jul-2023 - jun-2024,16,Geboekt - Betaald,28-07-2023,"€129,77",VF2302406,0000120VF2302406,NL82RABO0385626444,Intercom / bellen (incl. elektrische deuropeners) | intercom-spreekverbinding-deuropener
jul-2023 - jun-2024_11,29-07-2023,Bouwzorg Sum229A naz schimmel slaapkamer(171616-1),"190,21",,jul-2023 - jun-2024,17,Geboekt - Betaald,29-07-2023,"€190,21",7233132,0000001047233132,NL40INGB0650467817,Gevels | Gevel - lekkage - schimmel
jul-2023 - jun-2024_12,01-08-2023,Feenstra bon 161961 vervangen RGA,"479,24",,jul-2023 - jun-2024,22,Geboekt - Betaald,01-08-2023,"€479,24",1781038615,0000911781038615,NL12INGB0664496946,"Centrale verwarming | Rookgasafvoer, Controle"
jul-2023 - jun-2024_13,02-08-2023,Ymere bon 169917 1 sleutel tbv voordeur,"15,00",,jul-2023 - jun-2024,20,Geboekt - Betaald,02-08-2023,"€15,00",PF000012631,000048PF00001263,NL29INGB0004500201,Sleutelsymere | Sleutelbestelling
jul-2023 - jun-2024_14,09-08-2023,Bouwzorg bon 172106 tochtstrippen vervangen,"242,23",,jul-2023 - jun-2024,23,Geboekt - Betaald,09-08-2023,"€242,23",7233265,0000001047233265,NL40INGB0650467817,Kozijnen / ramen / deuren | tochtstrippen-raamkozijn-rot
jul-2023 - jun-2024_15,18-08-2023,Breddels opruimen urine 21-07-2023,"59,62",,jul-2023 - jun-2024,29,Geboekt - Betaald,18-08-2023,"€59,62",23801530/76883,00007123801530/7,NL29INGB0003066250,-
jul-2023 - jun-2024_16,21-08-2023,Huipen bon 173003 vochtmeting nav lekkage,"80,47",,jul-2023 - jun-2024,31,Geboekt - Betaald,21-08-2023,"€80,47",VFD2302160,000122VFD2302160,NL87INGB0007721303,Galerijen en balkons | Balkon - lekkage
jul-2023 - jun-2024_17,21-08-2023,Huipen bon 172901 Afstellen dranger ATD,"127,05",,jul-2023 - jun-2024,32,Geboekt - Betaald,21-08-2023,"€127,05",VFD2302164,000122VFD2302164,NL87INGB0007721303,Hang- en sluitwerk + drangers | ATD - slotwerk - defect
jul-2023 - jun-2024_18,23-08-2023,Waleveld bon 171701 naamplaatje,"35,70",,jul-2023 - jun-2024,33,Geboekt - Betaald,23-08-2023,"€35,70",23-32005,0000010223-32005,NL92RABO0307802000,Naamplaatjes | Graag vragen wij een naambordje aan omdat wij in januari zijn verhuisd naar Sumatraplantsoen 24-A. Het gaat om de volgende vermelding: T.J. Albers & S. Koeman
jul-2023 - jun-2024_19,23-08-2023,Herstelwerkzaamheden riolering,"257,73",,jul-2023 - jun-2024,35,Geboekt - Betaald,23-08-2023,"€257,73",Voorgeschoten RRS,000123Voorgescho,NL38ASNB0782902707,-
jul-2023 - jun-2024_20,24-08-2023,Ymere bon 191925 leveren van 2 sleutels ATD,"30,00",,jul-2023 - jun-2024,34,Geboekt - Betaald,24-08-2023,"€30,00",PF000012774,000048PF00001277,NL29INGB0004500201,Sleutelsymere | Sleutelbestelling
jul-2023 - jun-2024_21,30-08-2023,hacar b on 171906 herstel intercom,"324,95",,jul-2023 - jun-2024,37,Geboekt - Betaald,30-08-2023,"€324,95",3608289/00031,0001173608289/00,NL68ABNA0861961803,Intercom / bellen (incl. elektrische deuropeners) | Intercom - Defect
jul-2023 - jun-2024_22,31-08-2023,RRS bon 170951 herstelwerkzaamheden bij nr 431,"286,81",,jul-2023 - jun-2024,38,Geboekt - Betaald,31-08-2023,"€286,81",2349051,-,NL93RABO0102353654,Rioolinspectie | Standleiding verstopt ter hoogte van Molukkenstraat 413
jul-2023 - jun-2024_23,31-08-2023,RRS camera rioolinspectie 14-08-23 (170951-6),"1.138,43",,jul-2023 - jun-2024,42,Geboekt - Betaald,31-08-2023,"€1.138,43",2350465,-,NL93RABO0102353654,Rioolinspectie | Standleiding verstopt ter hoogte van Molukkenstraat 413
jul-2023 - jun-2024_24,31-08-2023,RRS Herstel standleiding Mol413 14-8-23 (170951-6),"1.283,27",,jul-2023 - jun-2024,41,Geboekt - Betaald,31-08-2023,"€1.283,27",2350464,-,NL93RABO0102353654,Rioolinspectie | Standleiding verstopt ter hoogte van Molukkenstraat 413
jul-2023 - jun-2024_25,05-09-2023,SOS Herstel lek Rookgasafvoer 18-8-23 (173138-1),"1.342,72",,jul-2023 - jun-2024,39,Geboekt - Betaald,05-09-2023,"€1.342,72",23006802,0000001223006802,NL42RABO0393531015,Rioolontstopping | SPOED- riooloverstroming
jul-2023 - jun-2024_26,07-09-2023,Bouwzorg bon 173123 herstel dranger ATD,"206,61",,jul-2023 - jun-2024,43,Geboekt - Betaald,07-09-2023,"€206,61",7233569,0000001047233569,NL40INGB0650467817,Hang- en sluitwerk + drangers | ATD-bergingen-H&S
jul-2023 - jun-2024_27,12-09-2023,Ymere bon 173828 leveren 2 sleutels tbv ATD,"30,00",,jul-2023 - jun-2024,45,Geboekt - Betaald,12-09-2023,"€30,00",PF000012937,000048PF00001293,NL29INGB0004500201,Sleutelsymere | Sleutelbestelling - ATD
jul-2023 - jun-2024_28,14-09-2023,RRS bon 172397 camera-inspectie ivm rioolvliegjes,"291,59",,jul-2023 - jun-2024,46,Geboekt - Betaald,14-09-2023,"€291,59",2351800,-,NL93RABO0102353654,Rioolinspectie | RRS - Werkbon - Rioolvliegjes
jul-2023 - jun-2024_29,20-09-2023,Bouwzorg bon 173731 vervangen raamuizetter,"76,34",,jul-2023 - jun-2024,49,Geboekt - Betaald,20-09-2023,"€76,34",7233725,0000001047233725,NL40INGB0650467817,Kozijnen / ramen / deuren | houten raam -slaapkamer - sluit - slecht
jul-2023 - jun-2024_30,20-09-2023,Bouwzorg bon 173729 herstel hang- en sluitwerk WTD,"206,61",,jul-2023 - jun-2024,48,Geboekt - Betaald,20-09-2023,"€206,61",7233723,0000001047233723,NL40INGB0650467817,Kozijnen / ramen / deuren | houten WTD - sluit - slecht
jul-2023 - jun-2024_31,21-09-2023,Schipper bon 173447 herstel sluiting kantelraam,"132,50",,jul-2023 - jun-2024,50,Geboekt - Betaald,21-09-2023,"€132,50",V193365,000000088V193365,NL98RABO0336496141,Kozijnen overig (kunststof e.d.) | kantel kiepraam - sluit niet goed
jul-2023 - jun-2024_32,25-09-2023,Ymere bon 174034 leveren 10 sleutels ATD,"150,00",,jul-2023 - jun-2024,51,Geboekt - Betaald,25-09-2023,"€150,00",PF000013059,000048PF00001305,NL29INGB0004500201,Sleutelsymere | Sleutelbestelling - ATD
jul-2023 - jun-2024_33,28-09-2023,Ymere kosten onderzoek lekkages en begeleiden,"1.650,44",,jul-2023 - jun-2024,53,Geboekt - Betaald,28-09-2023,"€1.650,44",FKL00024729,000003FKL0002472,NL29INGB0004500201,-
jul-2023 - jun-2024_34,24-10-2023,SOS CLV-kanaal aanpassen ivm lekkage,"1.367,75",,jul-2023 - jun-2024,55,Geboekt - Betaald,24-10-2023,"€1.367,75",23008016,0000001223008016,NL42RABO0393531015,Rioolontstopping | SPOED- riooloverstroming
jul-2023 - jun-2024_35,25-10-2023,Huipen Sumatraplntsn 26A+B herstel gevel lekkage,"505,72",,jul-2023 - jun-2024,56,Geboekt - Betaald,25-10-2023,"€505,72",VFD2303431,000122VFD2303431,NL87INGB0007721303,Gevels | Gevel - lekkage - onduidelijk
jul-2023 - jun-2024_36,25-10-2023,Huipen Sumatrastr 217E herstel ATD naar bergingen,"278,60",,jul-2023 - jun-2024,57,Geboekt - Betaald,25-10-2023,"€278,60",VFD2303432,000122VFD2303432,NL87INGB0007721303,Kozijnen / ramen / deuren | ATD - Berging - Beschadigd
jul-2023 - jun-2024_37,31-10-2023,Ymere bon 175543 leveren 1 sleutel tbv ATD,"15,00",,jul-2023 - jun-2024,60,Geboekt - Betaald,31-10-2023,"€15,00",PF000013308,000048PF00001330,NL29INGB0004500201,Sleutelsymere | Sleutelbestelling - ATD - Molukkenstraat 413-433
jul-2023 - jun-2024_38,31-10-2023,RRS Moluk 511 Rioolinspectie 15-06-23 (159640-4),"1.086,36",,jul-2023 - jun-2024,66,Geboekt - Betaald,31-10-2023,"€1.086,36",2362308,0000000012362308,NL93RABO0102353654,Rioolinspectie | Inspectie - Camera - Werkbon
jul-2023 - jun-2024_39,01-11-2023,Bouwzorg bon 175360 herstel slot ATD,"256,58",,jul-2023 - jun-2024,61,Geboekt - Betaald,01-11-2023,"€256,58",7234396,0000001047234396,NL40INGB0650467817,Hang- en sluitwerk + drangers | ATD - slot - defect
jul-2023 - jun-2024_40,07-11-2023,GeelRonitz Moluk slot halkast 08-08-23 (171192-1),"105,81",,jul-2023 - jun-2024,64,Geboekt - Betaald,07-11-2023,"€105,81",202307785,0000109202307785,NL15INGB0655815198,Hang- en sluitwerk + drangers | De schoonmaker van het gebouw (Bredels) zou graag de accu van hun stofzuiger willen opladen in het pand. Rechts naast de toegangsdeur van de opgang Molukkenstraat 493/545 hangt een kastje met stekkerpunt die gebruikt is voor het opladen van een scootmobiel. Deze bewoner woont niet meer in het pand. De schoonmaker zou graag van het kastje gebruik maken om hier de accu in op te laden. Mochten er nog sleutels van zijn deze graag aan Bredels overhandigen. Anders graag slot vervangen en sleutels aan Bredels geven.
jul-2023 - jun-2024_41,13-11-2023,GeelRonitz Sumatr 28A drangers afgestel (175595-2),"74,21",,jul-2023 - jun-2024,79,Geboekt - Betaald,13-11-2023,"€74,21",202308879,0000109202308879,NL15INGB0655815198,Hang- en sluitwerk + drangers | ATD - cilinder - defect
jul-2023 - jun-2024_42,15-11-2023,Waleveld Tidores 94 naamplaat (175174-1),"35,70",,jul-2023 - jun-2024,69,Geboekt - Betaald,15-11-2023,"€35,70",23-32782,0000010223-32782,NL92RABO0307802000,Naamplaatjes | Naamplaatje Tekst : M. Heuvelman M. Frank
jul-2023 - jun-2024_43,15-11-2023,Waleveld Tidores 90 naamplaat (175394-1),"35,70",,jul-2023 - jun-2024,70,Geboekt - Betaald,15-11-2023,"€35,70",23-32783,0000010223-32783,NL92RABO0307802000,Naamplaatjes | Naamplaatje leveren en plaatsen ten name van: C. Papathanasi
jul-2023 - jun-2024_44,15-11-2023,Waleveld Moluk 459 naamplaat (176260-1),"35,70",,jul-2023 - jun-2024,67,Geboekt - Betaald,15-11-2023,"€35,70",23-32780,0000010223-32780,NL92RABO0307802000,Naamplaatjes | Naamplaatje tekst: J. Stolp & R. Manten
jul-2023 - jun-2024_45,15-11-2023,Waleveld Moluk 515 naamplaat (174952-1),"35,70",,jul-2023 - jun-2024,68,Geboekt - Betaald,15-11-2023,"€35,70",23-32781,0000010223-32781,NL92RABO0307802000,Naamplaatjes | Naamplaatje tekst: Leander Petroci Alissa de Kok
jul-2023 - jun-2024_46,16-11-2023,GeelRonitz Suma 36C berging slot herst (175700-1),"74,21",,jul-2023 - jun-2024,71,Geboekt - Betaald,16-11-2023,"€74,21",202308160,0000109202308160,NL15INGB0655815198,Hang- en sluitwerk + drangers | slot - deur berging - defect
jul-2023 - jun-2024_47,16-11-2023,Geelronitz Moluk 441 ventil rooster ver (166897-1),"748,46",,jul-2023 - jun-2024,78,Geboekt - Betaald,16-11-2023,"€748,46",202308846,0000109202308846,NL15INGB0655815198,Kozijnen / ramen / deuren | Ventilatieroosters - raam - slaapkamers
jul-2023 - jun-2024_48,28-11-2023,Bouwzorg Sumatra 28-A ATD cilin vervang (175382-1),"306,66",,jul-2023 - jun-2024,75,Geboekt - Betaald,28-11-2023,"€306,66",7234796,0000001047234796,NL40INGB0650467817,Hang- en sluitwerk + drangers | ATD - slot - defect
jul-2023 - jun-2024_49,12-12-2023,Huipen Sum231A verzakking voo 08-09-23 (173780-1),"201,16",,jul-2023 - jun-2024,82,Geboekt - Betaald,12-12-2023,"€201,16",VFD2304687,000122VFD2304687,NL87INGB0007721303,Bestrating | verzakking-stoep-voordeur
jul-2023 - jun-2024_50,18-12-2023,Huipen Sumatr217E WTD 05-09-23 (173652-1),"298,99",,jul-2023 - jun-2024,85,Geboekt - Betaald,18-12-2023,"€298,99",VFD2304859,000122VFD2304859,NL87INGB0007721303,Kozijnen / ramen / deuren | WTD - Berging - Beschadigd
jul-2023 - jun-2024_51,20-12-2023,Hacar Sumat219D MV 29-09-23 (171599-1),"154,03",,jul-2023 - jun-2024,89,Geboekt - Betaald,20-12-2023,"€154,03",23-00979/00031,00011823-00979/0,NL68ABNA0861961803,Ventilatie (mechanisch / natuurlijk) | MV - werkt niet
jul-2023 - jun-2024_52,20-12-2023,Huipen Sumatr20B naar 20A Lekk 23-11-23 (177203-1),"247,45",,jul-2023 - jun-2024,86,Geboekt - Betaald,20-12-2023,"€247,45",VFD2304906,000122VFD2304906,NL87INGB0007721303,Waterleiding | lekkage-plafond-bovenburen
jul-2023 - jun-2024_53,20-12-2023,Huipen Tidore60 ATD 30-11-23 (177453-1),"376,16",,jul-2023 - jun-2024,88,Geboekt - Betaald,20-12-2023,"€376,16",VFD2304931,000122VFD2304931,NL87INGB0007721303,Kozijnen / ramen / deuren | ATD-klemt
jul-2023 - jun-2024_54,20-12-2023,Huipen Moluk493 ATD 15-11-23 (176802-1),"250,47",,jul-2023 - jun-2024,87,Geboekt - Betaald,20-12-2023,"€250,47",VFD2304908,000122VFD2304908,NL87INGB0007721303,Hang- en sluitwerk + drangers | ATD-slot-geforceerd
jul-2023 - jun-2024_55,22-12-2023,Hacar Sumat34a MV 25-10-23 (175568-1),"151,49",,jul-2023 - jun-2024,90,Geboekt - Betaald,22-12-2023,"€151,49",91000507/00031,00011891000507/0,NL68ABNA0861961803,Ventilatie (mechanisch / natuurlijk) | Niet werkende MV in badkamer
jul-2023 - jun-2024_56,15-01-2024,WaleV Sumat229C Naamplaatje 09-01-24 (179336-1),"36,91",,jul-2023 - jun-2024,94,Geboekt - Betaald,15-01-2024,"€36,91",24-40081,0000010224-40081,NL92RABO0307802000,Naamplaatjes | Naamplaatje plaatsen
jul-2023 - jun-2024_57,17-01-2024,SOS Moluk539 Geen water 10-01-24 (179399-1),"36,30",,jul-2023 - jun-2024,98,Geboekt - Betaald,17-01-2024,"€36,30",24000393,0000001224000393,NL42RABO0393531015,Waterleiding | Geen water in gehele woning
jul-2023 - jun-2024_58,25-01-2024,Hacar Sumatra34A MV 29-12-23 (175568-2),"149,25",,jul-2023 - jun-2024,104,Geboekt - Betaald,25-01-2024,"€149,25",91001855/00031,00011791001855/0,NL68ABNA0861961803,-
jul-2023 - jun-2024_59,26-01-2024,Huipen Moluk495 ATD 30-11-23 (177567-1),"188,94",,jul-2023 - jun-2024,101,Geboekt - Betaald,26-01-2024,"€188,94",VFD2400554,000122VFD2400554,NL87INGB0007721303,Kozijnen / ramen / deuren | ATD-klemt
jul-2023 - jun-2024_60,26-01-2024,RRS Molukken483 Hogewaterdruk 18-01-2024,"276,52",,jul-2023 - jun-2024,100,Geboekt - Betaald,26-01-2024,"€276,52",2408507,-,NL93RABO0102353654,-
jul-2023 - jun-2024_61,30-01-2024,RRS Molukk509 Inspectie 03-01-24 (160220-2),"980,58",,jul-2023 - jun-2024,102,Geboekt - Betaald,30-01-2024,"€980,58",2408857,-,NL93RABO0102353654,Rioolontstopping | reinigen - standleiding
jul-2023 - jun-2024_62,06-02-2024,Huipen Tidore94 Intercom (inc 22-01-24 (179551-1),"442,07",,jul-2023 - jun-2024,107,Geboekt - Betaald,06-02-2024,"€442,07",VFD2400754,000122VFD2400754,NL87INGB0007721303,Intercom / bellen (incl. elektrische deuropeners) | intercom-beldrukkers
jul-2023 - jun-2024_63,15-02-2024,Huipen SUmatr20A Lekk leiding 10-01-24 (177203-2),"177,02",,jul-2023 - jun-2024,109,Geboekt - Betaald,15-02-2024,"€177,02",VFD2400928,000122VFD2400928,NL87INGB0007721303,Waterleiding | lekkage-plafond-bovenburen
jul-2023 - jun-2024_64,23-02-2024,Accuraat Sumatra225B ATD 19-02-24 (181150-1),"118,73",,jul-2023 - jun-2024,110,Geboekt - Betaald,23-02-2024,"€118,73",20240437,0000003820240437,NL44RABO0310959535,Hang- en sluitwerk + drangers | ATD - hoofdingang - hangt los
jul-2023 - jun-2024_65,23-02-2024,BouwZ Molukk537 Lekk kozijn 28-06-23 (171247-1),"693,63",,jul-2023 - jun-2024,111,Geboekt - Betaald,23-02-2024,"€693,63",7240930,0000001047240930,NL40INGB0650467817,Kozijnen / ramen / deuren | Houten - kozijn - lekkage
jul-2023 - jun-2024_66,01-03-2024,Huipen Sumatra22A ATD 18-01-24 (179328-1),"177,02",,jul-2023 - jun-2024,112,Geboekt - Betaald,01-03-2024,"€177,02",VFD2401181,000122VFD2401181,NL87INGB0007721303,Hang- en sluitwerk + drangers | ATD-H&S
jul-2023 - jun-2024_67,01-03-2024,Huipen Molukken451 Kozijn toch 27-01-24 (180146-1),"267,05",,jul-2023 - jun-2024,113,Geboekt - Betaald,01-03-2024,"€267,05",VFD2401184,000122VFD2401184,NL87INGB0007721303,Kozijnen / ramen / deuren | Houten - kozijnen - kieren
jul-2023 - jun-2024_68,11-03-2024,SOS Tidore102 ATD 08-03-24 (182028-1),"191,37",,jul-2023 - jun-2024,116,Geboekt - Betaald,11-03-2024,"€191,37",24002021,0000001224002021,NL42RABO0393531015,Hang- en sluitwerk + drangers | ATD - cilinder - defect
jul-2023 - jun-2024_69,18-03-2024,SOS Sumatra22A Slot ATD 15-03-24 (181546-1),"180,21",,jul-2023 - jun-2024,119,Geboekt - Betaald,18-03-2024,"€180,21",24002159,0000001224002159,NL42RABO0393531015,Hang- en sluitwerk + drangers | Sluiting ATD - Hoofdingang+Bergingen - Herstellen
jul-2023 - jun-2024_70,18-03-2024,SOS Molukken511 Camera inspec 31-08-23 (159640-6),"647,35",,jul-2023 - jun-2024,120,Geboekt - Betaald,18-03-2024,"€647,35",24002152,0000001224002152,NL42RABO0393531015,Rioolvervanging | Inspectie - Camera - Werkbon
jul-2023 - jun-2024_71,20-03-2024,Huipen SUmatra26B keuken luikj 10-01-24 (178773-1),"249,02",,jul-2023 - jun-2024,121,Geboekt - Betaald,20-03-2024,"€249,02",VFD2401559,000122VFD2401559,NL87INGB0007721303,Kozijnen / ramen / deuren | kozijnen-bovenluikjes-balkondeur
jul-2023 - jun-2024_72,21-03-2024,Hacar Molukken525 MV 12-02-24 (180592-1),"113,17",,jul-2023 - jun-2024,122,Geboekt - Betaald,21-03-2024,"€113,17",91003612/00031,00011891003612/0,NL68ABNA0861961803,Ventilatie (mechanisch / natuurlijk) | mv-werkt niet
jul-2023 - jun-2024_73,09-04-2024,Herstel Flora en fauna 11-07-23 (171723-1),"181,50",,jul-2023 - jun-2024,126,Geboekt - Betaald,09-04-2024,"€181,50",18.3161,00000012918.3161,NL24ABNA0121125386,"Flora en fauna | Beste Peter, Hierbij de opdracht voor het maken van de quickscan Flora en Fauna voor deze VvE van Ymere."
jul-2023 - jun-2024_74,09-04-2024,Eltag;Herstel Ventilatie (07-02-24 (180691-1),"656,95",,jul-2023 - jun-2024,127,Geboekt - Betaald,09-04-2024,"€656,95",2401411,0000001302401411,NL24ABNA0940474492,Ventilatie (mechanisch / natuurlijk) | ventilatierooster - stuk
jul-2023 - jun-2024_75,15-04-2024,SOS;slot atd 11-04-24 (183223-3),"287,29",,jul-2023 - jun-2024,129,Geboekt - Betaald,15-04-2024,"€287,29",24002896,0000001224002896,NL42RABO0393531015,Hang- en sluitwerk + drangers | ATD-H&S-cilinder defect
jul-2023 - jun-2024_76,16-04-2024,SOS slot atd 15-04-24 (183394-1),"194,40",,jul-2023 - jun-2024,130,Geboekt - Betaald,16-04-2024,"€194,40",24002981,0000001224002981,NL42RABO0393531015,Hang- en sluitwerk + drangers | ATD-slot-achterafbon
jul-2023 - jun-2024_77,16-04-2024,Huipen klapraam herstel 07-02-24 (180688-1),"316,54",,jul-2023 - jun-2024,131,Geboekt - Betaald,16-04-2024,"€316,54",VFD2402034,000122VFD2402034,NL87INGB0007721303,Hang- en sluitwerk + drangers | klapraam-slaapkamer-hendel
jul-2023 - jun-2024_78,16-04-2024,Huipenl kozijn slaapkamer kitn 22-02-24 (181334-1),"249,02",,jul-2023 - jun-2024,132,Geboekt - Betaald,16-04-2024,"€249,02",VFD2402035,000122VFD2402035,NL87INGB0007721303,Kozijnen / ramen / deuren | kozijn-slaapkamer-lekkage
jul-2023 - jun-2024_79,18-04-2024,Huipen herstel balkondeur Sum28D 28-2-24(181578-1),"249,02",,jul-2023 - jun-2024,134,Geboekt - Betaald,18-04-2024,"€249,02",VFD2402063,000122VFD2402063,NL87INGB0007721303,Kozijnen / ramen / deuren | Balkondeur-hout-lekkage
jul-2023 - jun-2024_80,18-04-2024,Huipen Herstel Intercom Moluk479 14-3-24(182066-1),"364,51",,jul-2023 - jun-2024,135,Geboekt - Betaald,18-04-2024,"€364,51",VFD2402062,000122VFD2402062,NL87INGB0007721303,Intercom / bellen (incl. elektrische deuropeners) | My door bell doesn't work from downstairs in the entrance for 479. When they press the button there is no signal to my phone. This is very frustrating when Im waiting for Post NL or other appointment. Can we fix this asap please? The phone in my apartment works when I press to let them in so maybe its something wrong with the button downstairs in the entrance.
jul-2023 - jun-2024_81,18-04-2024,Huipen ATD afgesteld Sum22A 8-4-24 (181546-2),"189,43",,jul-2023 - jun-2024,137,Geboekt - Betaald,18-04-2024,"€189,43",VFD2402061,000122VFD2402061,NL87INGB0007721303,Hang- en sluitwerk + drangers | Sluiting ATD - Hoofdingang+Bergingen - Herstellen
jul-2023 - jun-2024_82,18-04-2024,Huipen herstel slot ATD Tidor100 19-2-24(181185-1),"235,39",,jul-2023 - jun-2024,133,Geboekt - Betaald,18-04-2024,"€235,39",VFD2402065,000122VFD2402065,NL87INGB0007721303,Hang- en sluitwerk + drangers | ATD - H&S
jul-2023 - jun-2024_83,27-04-2024,GeelRonitz rep slot ATD Tid82 13-3-24(182171-2),"637,55",,jul-2023 - jun-2024,139,Geboekt - Betaald,27-04-2024,"€637,55",202403436,0000109202403436,NL15INGB0655815198,Hang- en sluitwerk + drangers | atd-slot-defect
jul-2023 - jun-2024_84,29-04-2024,Hacar Molukken539 MV 17-04-24 (182971-1),"683,07",,jul-2023 - jun-2024,140,Geboekt - Betaald,29-04-2024,"€683,07",91004677/00031,00011891004677/0,NL68ABNA0861961803,Ventilatie (mechanisch / natuurlijk) | MV - Verouderd - Geluidsoverlast
jul-2023 - jun-2024_85,22-05-2024,Huipen Sumatra221 ATD 29-03-24 (182838-1),"137,76",,jul-2023 - jun-2024,147,Geboekt - Betaald,22-05-2024,"€137,76",VFD2402644,000122VFD2402644,NL87INGB0007721303,Hang- en sluitwerk + drangers | Houten - ATD - slotwerk
jul-2023 - jun-2024_86,22-05-2024,Huipen Sumatra221 ATD 29-03-24 (182841-1),"160,26",,jul-2023 - jun-2024,148,Geboekt - Betaald,22-05-2024,"€160,26",VFD2402645,000122VFD2402645,NL87INGB0007721303,Hang- en sluitwerk + drangers | Houten tuindeur - gemeenschappelijk ruimte - slotwerk
jul-2023 - jun-2024_87,22-05-2024,Huipen Sumatra221 12-04-24 (183366-1),"83,97",,jul-2023 - jun-2024,149,Geboekt - Betaald,22-05-2024,"€83,97",VFD2402647,000122VFD2402647,NL87INGB0007721303,Kozijnen / ramen / deuren | raam - kozijn - scheur
jul-2023 - jun-2024_88,23-05-2024,Huipen Molukken449 Balkondeur 12-04-24 (183343-1),"184,10",,jul-2023 - jun-2024,150,Geboekt - Betaald,23-05-2024,"€184,10",VFD2402663,000122VFD2402663,NL87INGB0007721303,Kozijnen / ramen / deuren | balkondeur - klemt - hout
jul-2023 - jun-2024_89,31-05-2024,Huipen Molukken481 Sensorverli 15-05-24 (184070-1),"297,72",,jul-2023 - jun-2024,153,Geboekt - Betaald,31-05-2024,"€297,72",VFD2402838,000122VFD2402838,NL87INGB0007721303,Algemene verlichting | Sensorverlichting - Trappenhuis - Defect
jul-2023 - jun-2024_90,03-06-2024,Hacar bon 174011 vervangen drukmeter ventilatie,"1.684,93",,jul-2023 - jun-2024,152,Geboekt - Betaald,03-06-2024,"€1.684,93",24-00135/00031,00011824-00135/0,NL68ABNA0861961803,-
jul-2023 - jun-2024_91,04-06-2024,Huipen Moluk539 Intercom 15-05-24 (184034-1),"361,91",,jul-2023 - jun-2024,154,Geboekt - in telebankopdracht,04-06-2024,"€361,91",VFD2402919,000122VFD2402919,NL87INGB0007721303,Intercom / bellen (incl. elektrische deuropeners) | Spraakfunctie - Intercom - Defect
jul-2023 - jun-2024_92,05-06-2024,Ymereservice Sleutels 05-06-24 (184731-2),"62,92",,jul-2023 - jun-2024,155,Geboekt - in telebankopdracht,05-06-2024,"€62,92",PF000015012,000048PF00001501,NL29INGB0004500201,Sleutelsymere | ATD-slot-kapot
jul-2023 - jun-2024_93,06-06-2024,Huipen Tidore94 AVL Berging 22-05-24 (184510-1),"147,02",,jul-2023 - jun-2024,157,Geboekt - in telebankopdracht,06-06-2024,"€147,02",VFD2402953,000122VFD2402953,NL87INGB0007721303,Algemene verlichting | Verlichting-bergingsgang-defect
jul-2023 - jun-2024_94,06-06-2024,Huipen Sumatra32C 07-03-24 (181947-1),"1.538,45",,jul-2023 - jun-2024,156,Geboekt - in telebankopdracht,06-06-2024,"€1.538,45",VFD2402949,000122VFD2402949,NL87INGB0007721303,Kozijnen / ramen / deuren | Raam-hout-lekkage
jul-2023 - jun-2024_95,11-06-2024,Hacar Sumatra34D MV 27-01-24 (179939-1),"250,27",,jul-2023 - jun-2024,160,Geboekt - in telebankopdracht,11-06-2024,"€250,27",91006000/00031,00011891006000/0,NL68ABNA0861961803,Ventilatie (mechanisch / natuurlijk) | mv-werkt niet.
jul-2023 - jun-2024_96,11-06-2024,Hacar Tidore80-98 MV defect (182172-1) 20-03-2024,"274,72",,jul-2023 - jun-2024,163,Geboekt - in telebankopdracht,11-06-2024,"€274,72",91005995/00031,00011791005995/0,NL68ABNA0861961803,-
jul-2023 - jun-2024_97,14-06-2024,Accuraat Sumatra225A ATD 23-05-24 (184731-1),"166,38",,jul-2023 - jun-2024,161,Geboekt - in telebankopdracht,14-06-2024,"€166,38",20241546,0000003820241546,NL44RABO0310959535,Hang- en sluitwerk + drangers | ATD-slot-kapot
jul-2023 - jun-2024_98,18-06-2024,SOS Molukken487 ATD 12-06-24 (185601-1),"194,40",,jul-2023 - jun-2024,162,Geboekt - in telebankopdracht,18-06-2024,"€194,40",24004525,0000001224004525,NL42RABO0393531015,Hang- en sluitwerk + drangers | ATD - Opent niet - SPOED
